level name, min solution length, solution, number of moves, max num candidates in mem, num visited states, visited state improved, visited state dropped
levels/P1L01, 4, "(3,4)-MSE-U/(1,4)-MSE-L/(6,4)-SQR-U/(1,4)-SQR-R/", 59, 4, 10, 0, 44,
levels/P1L02, 4, "(4,3)-MSE-R/(4,6)-MSE-U/(5,6)-SQR-U/(3,6)-SQR-L/", 58, 4, 9, 0, 47,
levels/P1L03, 6, "(3,5)-MSE-L/(3,3)-MSE-U/(3,2)-MSE-R/(3,7)-MSE-U/(3,8)-SQR-L/(3,2)-SQR-D/", 364, 17, 46, 0, 302,
levels/P1L04, 7, "(2,3)-MSE-R/(4,3)-SQR-U/(2,6)-MSE-D/(2,3)-SQR-R/(2,6)-SQR-D/(5,6)-SQR-L/(5,4)-SQR-D/", 428, 18, 66, 0, 361,
levels/P1L05, 6, "(4,2)-MSE-R/(4,6)-MSE-D/(4,7)-SQR-L/(5,6)-MSE-U/(4,2)-SQR-R/(4,5)-SQR-U/", 65, 3, 9, 0, 55,
levels/P1L06, 5, "(2,7)-SQR-D/(4,7)-SQR-L/(2,4)-HOG-R/(4,5)-SQR-U/(2,5)-SQR-L/", 42, 2, 6, 0, 25,
levels/P1L07, 4, "(4,6)-HOG-U/(3,6)-HOG-L/(3,4)-HOG-U/(4,2)-SQR-R/", 227, 17, 37, 0, 149,
levels/P1L08, 15, "(3,1)-SQR-R/(3,3)-SQR-U/(1,7)-HOG-L/(4,4)-HOG-L/(4,2)-HOG-U/(3,2)-HOG-L/(1,3)-SQR-D/(4,3)-SQR-R/(4,6)-SQR-D/(1,5)-HOG-D/(4,5)-HOG-L/(5,6)-SQR-U/(3,6)-SQR-L/(3,5)-SQR-U/(1,5)-SQR-R/", 5763, 70, 515, 0, 4495,
levels/P1L09, 7, "(6,3)-MSE-R/(6,5)-MSE-U/(1,5)-MSE-L/(1,6)-SQR-L/(1,4)-SQR-D/(3,4)-SQR-R/(3,7)-SQR-D/", 228, 24, 51, 0, 175,
levels/P1L10, 6, "(1,3)-MSE-R/(1,7)-MSE-L/(1,5)-MSE-D/(1,2)-SQR-R/(1,5)-SQR-D/(5,5)-SQR-R/", 435, 11, 46, 0, 387,
levels/P1L11, 9, "(4,6)-SQR-L/(1,7)-MSE-D/(2,7)-MSE-L/(2,5)-MSE-D/(5,5)-MSE-R/(5,6)-MSE-U/(4,2)-SQR-R/(4,5)-SQR-U/(1,5)-SQR-L/", 386, 18, 62, 0, 314,
levels/P1L12, 8, "(3,7)-MSE-L/(3,5)-MSE-U/(3,3)-HOG-D/(4,3)-HOG-R/(2,5)-MSE-D/(1,5)-SQR-D/(4,5)-SQR-L/(4,2)-SQR-U/", 1457, 48, 178, 0, 1125,
levels/P1L13, 6, "(4,6)-SQR-U/(3,3)-HOG-R/(3,5)-HOG-D/(2,6)-SQR-L/(2,4)-SQR-D/(3,4)-SQR-L/", 562, 22, 63, 0, 384,
levels/P1L14, 8, "(4,8)-SQR-D/(3,8)-MSE-D/(5,8)-MSE-L/(6,8)-SQR-U/(5,3)-MSE-U/(1,8)-SQR-L/(1,4)-SQR-D/(3,4)-SQR-L/", 346, 14, 54, 0, 291,
levels/P1L15, 10, "(5,6)-SQR-U/(4,4)-MSE-U/(2,4)-MSE-R/(6,6)-MSE-U/(2,6)-MSE-L/(2,4)-MSE-D/(1,6)-SQR-D/(2,6)-SQR-L/(2,4)-SQR-D/(5,4)-SQR-L/", 1778, 42, 168, 0, 1606,
levels/P1L16, 8, "(4,5)-HOG-R/(2,7)-HOG-D/(3,7)-HOG-L/(4,7)-HOG-L/(4,5)-HOG-D/(1,4)-SQR-D/(3,4)-SQR-R/(3,7)-SQR-D/", 1132, 29, 117, 0, 838,
levels/P1L17, 8, "(4,6)-MSE-U/(5,6)-MSE-U/(3,6)-MSE-L/(1,4)-HOG-D/(3,4)-HOG-R/(1,2)-SQR-R/(1,4)-SQR-D/(5,4)-SQR-L/", 518, 15, 51, 0, 418,
levels/P1L18, 10, "(2,2)-MSE-D/(1,4)-HOG-L/(1,2)-HOG-D/(3,2)-HOG-R/(5,2)-MSE-U/(5,3)-SQR-L/(1,2)-MSE-R/(5,2)-SQR-U/(1,2)-SQR-R/(1,6)-SQR-D/", 4572, 97, 432, 0, 4007,
levels/P1L19, 12, "(2,6)-MSE-U/(1,1)-MSE-R/(1,5)-MSE-D/(3,5)-MSE-L/(3,3)-MSE-U/(1,6)-MSE-L/(1,4)-MSE-D/(1,7)-SQR-L/(1,4)-SQR-D/(5,4)-SQR-R/(5,6)-SQR-U/(4,6)-SQR-R/", 18363, 373, 1815, 0, 16547,
levels/P1L20, 18, "(3,5)-HOG-D/(3,3)-HOG-R/(2,3)-HOG-D/(1,4)-SQR-L/(2,5)-HOG-U/(1,5)-HOG-R/(3,5)-HOG-U/(3,3)-HOG-R/(1,3)-SQR-D/(1,5)-HOG-L/(3,5)-HOG-U/(1,5)-HOG-L/(6,5)-HOG-U/(3,3)-SQR-R/(3,5)-SQR-D/(6,5)-SQR-L/(6,4)-SQR-U/(5,4)-SQR-L/", 97462, 578, 5152, 0, 77631,
levels/P1L21, 10, "(1,4)-MSE-L/(1,2)-MSE-D/(1,6)-SQR-D/(2,6)-SQR-L/(6,2)-MSE-U/(3,2)-MSE-R/(2,2)-SQR-D/(3,3)-MSE-L/(6,2)-SQR-U/(4,2)-SQR-R/", 1779, 49, 235, 0, 1541,
levels/P1L22, 11, "(3,8)-HOG-L/(1,3)-MSE-D/(5,3)-MSE-L/(6,3)-MSE-U/(5,1)-MSE-R/(1,3)-MSE-D/(4,3)-MSE-R/(1,1)-SQR-R/(1,3)-SQR-D/(4,3)-SQR-R/(4,7)-SQR-D/", 106836, 1890, 9259, 0, 90182,
levels/P1L23, 15, "(1,1)-HOG-D/(2,1)-HOG-R/(2,3)-HOG-D/(1,7)-MSE-L/(6,7)-SQR-U/(3,3)-HOG-U/(3,1)-HOG-R/(1,1)-MSE-D/(3,3)-HOG-L/(1,3)-HOG-D/(1,7)-SQR-L/(3,3)-HOG-U/(3,1)-HOG-R/(1,1)-SQR-D/(5,1)-SQR-R/", 191655, 1905, 14554, 0, 165826,
levels/P1L24, 24, "(1,4)-MSE-L/(3,3)-MSE-U/(1,1)-MSE-D/(1,3)-MSE-L/(5,3)-HOG-U/(5,6)-SQR-D/(6,6)-SQR-L/(1,3)-HOG-D/(6,3)-HOG-R/(6,6)-HOG-U/(3,1)-MSE-U/(2,1)-MSE-R/(2,3)-MSE-U/(1,1)-MSE-R/(1,2)-MSE-D/(2,2)-MSE-R/(6,1)-SQR-R/(2,3)-MSE-D/(6,3)-MSE-L/(1,3)-MSE-D/(6,3)-MSE-L/(6,6)-SQR-L/(6,3)-SQR-U/(1,3)-SQR-R/", 18251, 113, 1330, 0, 15228,
levels/P1L25, 26, "(5,6)-HOG-D/(6,6)-HOG-L/(6,5)-HOG-U/(6,8)-SQR-L/(4,5)-HOG-L/(2,1)-HOG-D/(4,1)-HOG-R/(3,1)-HOG-R/(6,1)-MSE-U/(4,5)-HOG-L/(6,5)-SQR-U/(3,4)-HOG-U/(4,1)-HOG-D/(4,5)-SQR-L/(2,1)-MSE-D/(3,1)-MSE-R/(3,4)-MSE-D/(5,4)-MSE-R/(5,6)-MSE-D/(6,6)-MSE-R/(6,8)-MSE-U/(4,1)-SQR-R/(4,5)-SQR-D/(6,5)-SQR-R/(6,8)-SQR-U/(2,8)-SQR-L/", 85130, 1337, 7118, 0, 72681,
levels/P1L26, 25, "(1,7)-MSE-L/(1,5)-MSE-D/(2,5)-MSE-L/(6,1)-MSE-R/(6,4)-MSE-U/(3,4)-MSE-L/(1,1)-SQR-D/(3,1)-MSE-R/(3,4)-MSE-D/(2,4)-MSE-D/(5,4)-MSE-R/(5,6)-MSE-D/(4,8)-HOG-L/(4,6)-HOG-D/(2,1)-SQR-R/(2,2)-SQR-D/(3,2)-SQR-R/(3,4)-SQR-D/(5,4)-SQR-L/(5,6)-HOG-L/(5,4)-HOG-U/(5,2)-SQR-R/(5,6)-SQR-U/(4,6)-SQR-R/(4,8)-SQR-D/", 423896, 3896, 28630, 0, 381052,
levels/P1L27, 21, "(3,5)-HOG-L/(5,3)-HOG-U/(4,3)-HOG-R/(4,4)-HOG-U/(5,2)-HOG-R/(3,3)-HOG-D/(4,3)-HOG-R/(4,4)-HOG-U/(2,6)-HOG-L/(6,5)-MSE-R/(6,7)-MSE-U/(6,4)-SQR-R/(6,7)-SQR-U/(2,5)-HOG-D/(3,5)-HOG-L/(5,3)-HOG-L/(3,3)-HOG-D/(2,4)-HOG-D/(4,4)-HOG-L/(1,4)-HOG-D/(2,7)-SQR-L/", 236362, 1683, 11329, 0, 199616,
levels/P1L28, 8, "(2,4)-SQR-U/(1,4)-SQR-R/(1,3)-MSE-R/(5,4)-HOG-U/(4,3)-HOG-U/(2,4)-HOG-L/(4,5)-HOG-L/(1,5)-SQR-D/", 3540, 68, 271, 0, 2175,
levels/P1L29, 11, "(1,2)-MSE-D/(2,2)-MSE-R/(2,3)-MSE-D/(5,5)-HOG-L/(5,3)-HOG-U/(5,7)-MSE-L/(3,1)-SQR-D/(5,1)-MSE-R/(5,7)-MSE-U/(4,1)-SQR-R/(4,6)-SQR-U/", 9709, 134, 832, 0, 8178,
levels/P1L30, 11, "(6,4)-MSE-U/(3,4)-MSE-R/(2,3)-HOG-D/(3,5)-MSE-L/(6,2)-HOG-U/(6,3)-HOG-L/(6,2)-HOG-U/(6,8)-SQR-L/(4,2)-HOG-R/(3,2)-HOG-R/(6,2)-SQR-U/", 1745, 31, 165, 0, 1212,
levels/P1L31, 11, "(4,4)-MSE-L/(6,4)-MSE-R/(4,1)-SQR-R/(4,3)-MSE-U/(6,8)-MSE-L/(1,3)-MSE-R/(6,6)-MSE-U/(4,2)-SQR-D/(6,2)-SQR-R/(6,6)-SQR-U/(3,6)-SQR-R/", 60035, 1540, 5275, 0, 54759,
levels/P1L32, 21, "(6,4)-MSE-R/(6,5)-MSE-U/(5,5)-MSE-R/(5,7)-MSE-D/(4,8)-HOG-L/(4,7)-HOG-D/(2,2)-SQR-L/(5,7)-HOG-L/(1,4)-HOG-D/(4,4)-HOG-L/(5,4)-HOG-U/(4,2)-HOG-R/(1,4)-HOG-D/(3,4)-HOG-L/(4,4)-HOG-U/(5,2)-HOG-U/(4,2)-HOG-R/(3,2)-HOG-R/(2,1)-SQR-R/(2,2)-SQR-D/(5,2)-SQR-L/", 7450, 172, 600, 0, 5942,
levels/P1L33, 13, "(4,2)-MSE-R/(4,5)-MSE-U/(4,7)-HOG-L/(5,8)-SQR-U/(1,5)-MSE-D/(4,1)-HOG-D/(1,2)-MSE-D/(4,2)-MSE-R/(4,5)-MSE-U/(4,8)-SQR-L/(1,5)-MSE-L/(4,5)-SQR-U/(1,5)-SQR-R/", 31843, 496, 2683, 0, 27032,
levels/P1L34, 18, "(6,4)-HOG-U/(6,5)-HOG-L/(1,1)-SQR-R/(1,6)-SQR-D/(1,7)-MSE-L/(6,6)-SQR-U/(1,1)-MSE-R/(1,6)-SQR-D/(4,4)-HOG-R/(4,7)-HOG-U/(6,4)-HOG-U/(4,4)-HOG-R/(1,5)-MSE-D/(6,3)-HOG-R/(6,4)-HOG-U/(6,6)-SQR-L/(4,4)-HOG-R/(6,3)-SQR-U/", 805509, 6515, 45046, 0, 696357,
levels/P1L35, 10, "(5,3)-MSE-U/(2,5)-HOG-D/(5,5)-HOG-L/(3,3)-MSE-L/(3,2)-MSE-U/(2,3)-SQR-R/(2,5)-SQR-D/(2,2)-MSE-R/(5,5)-SQR-U/(3,5)-SQR-R/", 8379, 146, 836, 0, 6842,
levels/P1L36, 23, "(3,4)-MSE-R/(2,4)-MSE-D/(1,4)-MSE-D/(3,6)-MSE-L/(5,4)-MSE-U/(4,4)-MSE-L/(6,4)-MSE-U/(4,2)-MSE-D/(4,4)-MSE-L/(6,2)-MSE-U/(4,2)-MSE-R/(3,4)-MSE-R/(4,4)-MSE-U/(3,6)-MSE-L/(1,4)-MSE-D/(3,4)-MSE-R/(1,2)-SQR-D/(4,2)-SQR-R/(4,4)-SQR-U/(3,6)-MSE-U/(3,4)-SQR-R/(3,6)-SQR-U/(2,6)-SQR-R/", 60051, 409, 4084, 0, 55725,
levels/P2L01, 4, "(2,5)-WLF-L/(5,4)-SQR-D/(4,3)-WLF-R/(6,4)-SQR-U/", 61, 2, 5, 0, 48,
levels/P2L02, 4, "(2,3)-MSE-R/(3,7)-WLF-L/(3,6)-WLF-D/(3,3)-SQR-R/", 79, 7, 13, 0, 53,
levels/P2L03, 8, "(4,6)-SQR-U/(4,5)-MSE-U/(4,2)-WLF-R/(2,5)-MSE-D/(4,5)-MSE-L/(2,6)-SQR-D/(4,6)-SQR-L/(4,3)-SQR-U/", 1241, 30, 139, 0, 981,
levels/P2L04, 8, "(5,3)-SQR-L/(6,5)-WLF-U/(3,5)-WLF-R/(3,7)-WLF-D/(4,7)-WLF-L/(4,3)-WLF-R/(5,2)-SQR-R/(5,3)-SQR-U/", 185, 4, 19, 0, 129,
levels/P2L05, 8, "(3,6)-BER-U/(1,6)-BER-R/(1,8)-BER-D/(5,8)-BER-L/(5,4)-BER-U/(2,4)-BER-U/(6,4)-SQR-U/(2,4)-SQR-L/", 138, 7, 20, 0, 107,
levels/P2L06, 9, "(2,7)-BER-D/(3,5)-MSE-R/(3,7)-MSE-U/(4,7)-BER-U/(3,7)-BER-L/(3,3)-BER-U/(4,3)-SQR-U/(3,3)-SQR-R/(3,7)-SQR-D/", 220, 4, 19, 0, 179,
levels/P2L07, 9, "(5,7)-BER-U/(3,7)-BER-L/(3,4)-BER-U/(4,4)-HOG-U/(3,4)-HOG-R/(5,6)-SQR-U/(3,6)-SQR-L/(3,4)-SQR-D/(4,4)-SQR-L/", 1946, 42, 169, 0, 1634,
levels/P2L08, 14, "(6,8)-BER-U/(4,8)-BER-L/(4,6)-BER-U/(3,6)-BER-R/(3,7)-BER-U/(1,7)-BER-L/(1,3)-BER-D/(2,3)-BER-L/(2,1)-BER-U/(6,1)-SQR-U/(2,1)-SQR-R/(2,3)-SQR-U/(1,3)-SQR-R/(1,7)-SQR-D/", 304, 6, 44, 0, 259,
levels/P2L09, 8, "(5,7)-SQR-L/(5,3)-SQR-U/(2,5)-BER-L/(2,4)-BER-D/(5,4)-BER-R/(2,3)-SQR-D/(5,3)-SQR-R/(5,6)-SQR-U/", 229, 11, 42, 0, 186,
levels/P2L10, 7, "(3,4)-SQR-L/(3,3)-SQR-D/(5,3)-SQR-L/(2,6)-WLF-D/(3,6)-WLF-L/(3,3)-WLF-D/(5,1)-SQR-R/", 143, 7, 21, 0, 104,
levels/P2L11, 9, "(2,1)-MSE-R/(2,4)-MSE-D/(3,4)-MSE-R/(3,6)-MSE-U/(5,6)-HOG-U/(3,6)-HOG-L/(3,1)-SQR-R/(3,6)-SQR-D/(6,6)-SQR-R/", 2183, 53, 227, 0, 1857,
levels/P2L12, 11, "(5,5)-MSE-U/(2,5)-MSE-L/(4,1)-BER-U/(2,1)-MSE-R/(2,5)-MSE-D/(3,1)-BER-R/(3,5)-BER-D/(4,5)-BER-R/(4,8)-BER-D/(3,8)-SQR-D/(4,8)-SQR-L/", 3030, 129, 391, 0, 2535,
levels/P2L13, 9, "(2,4)-BER-D/(5,4)-BER-L/(2,3)-BER-D/(3,6)-WLF-D/(4,3)-BER-R/(4,6)-BER-D/(1,6)-SQR-D/(4,6)-SQR-L/(4,3)-SQR-U/", 1861, 50, 183, 0, 1581,
levels/P2L14, 11, "(4,6)-SQR-U/(2,6)-SQR-L/(4,3)-WLF-R/(2,3)-WLF-D/(4,3)-WLF-R/(4,6)-WLF-U/(4,5)-WLF-D/(2,5)-SQR-R/(2,6)-SQR-D/(4,6)-SQR-L/(4,3)-SQR-U/", 901, 21, 103, 0, 685,
levels/P2L15, 15, "(2,4)-WLF-R/(1,3)-BER-D/(2,5)-WLF-L/(4,3)-BER-R/(2,3)-WLF-D/(4,3)-WLF-L/(6,3)-SQR-L/(4,5)-BER-L/(4,2)-BER-U/(3,2)-BER-R/(6,2)-SQR-U/(3,3)-BER-U/(3,2)-SQR-R/(3,3)-SQR-U/(2,3)-SQR-R/", 1355, 24, 176, 0, 1136,
levels/P2L16, 7, "(4,5)-WLF-U/(3,5)-WLF-L/(4,4)-WLF-U/(3,1)-WLF-R/(3,3)-WLF-U/(1,3)-WLF-D/(1,6)-SQR-L/", 522, 13, 45, 0, 380,
levels/P2L17, 10, "(6,2)-SQR-U/(6,8)-BER-L/(6,2)-BER-U/(3,2)-BER-R/(3,6)-BER-R/(3,8)-BER-U/(2,2)-SQR-D/(6,2)-SQR-R/(6,8)-SQR-U/(3,8)-SQR-L/", 802, 15, 85, 0, 714,
levels/P2L18, 9, "(2,2)-WLF-U/(1,2)-WLF-R/(1,3)-WLF-D/(4,3)-WLF-R/(3,5)-BER-D/(5,5)-BER-R/(2,5)-SQR-D/(5,5)-SQR-R/(5,7)-SQR-U/", 861, 43, 138, 0, 676,
levels/P2L19, 8, "(2,4)-BER-L/(4,6)-SQR-D/(3,7)-WLF-L/(5,4)-HOG-U/(3,4)-WLF-U/(5,6)-SQR-U/(2,6)-SQR-L/(2,4)-SQR-D/", 1016, 28, 109, 0, 826,
levels/P2L20, 13, "(4,5)-BER-U/(1,5)-BER-L/(1,3)-BER-D/(6,3)-BER-R/(6,2)-MSE-R/(6,3)-MSE-U/(1,3)-MSE-R/(1,5)-MSE-D/(4,5)-MSE-R/(2,4)-SQR-R/(2,5)-SQR-D/(4,5)-SQR-R/(4,7)-SQR-D/", 9232, 165, 946, 0, 8285,
levels/P2L21, 16, "(3,2)-SQR-U/(3,6)-WLF-L/(3,2)-WLF-D/(4,2)-WLF-R/(4,5)-WLF-U/(1,2)-SQR-D/(4,2)-SQR-R/(4,5)-SQR-D/(5,5)-SQR-L/(3,7)-WLF-L/(3,2)-WLF-U/(4,7)-WLF-U/(3,7)-WLF-L/(3,2)-WLF-U/(5,3)-SQR-U/(3,3)-SQR-R/", 22659, 241, 1546, 0, 18933,
levels/P2L22, 13, "(2,2)-WLF-U/(1,2)-WLF-R/(6,1)-SQR-U/(6,7)-MSE-L/(6,1)-MSE-U/(2,1)-MSE-R/(2,5)-MSE-U/(1,1)-SQR-R/(1,7)-WLF-L/(1,4)-SQR-D/(1,6)-WLF-L/(3,4)-SQR-U/(1,4)-SQR-R/", 10775, 207, 1090, 0, 9293,
levels/P2L23, 21, "(2,3)-SQR-L/(2,1)-SQR-D/(2,6)-WLF-L/(2,8)-MSE-L/(2,6)-MSE-U/(1,6)-MSE-L/(1,5)-MSE-D/(2,1)-WLF-R/(6,1)-SQR-U/(4,5)-MSE-U/(1,5)-MSE-R/(1,6)-MSE-D/(2,1)-SQR-R/(2,5)-SQR-U/(2,6)-MSE-L/(2,1)-MSE-D/(1,5)-SQR-R/(1,6)-SQR-D/(2,6)-SQR-L/(2,1)-SQR-D/(5,1)-SQR-R/", 1247, 12, 131, 0, 987,
levels/P2L24, 10, "(5,7)-BER-U/(3,7)-BER-L/(3,1)-WLF-D/(6,1)-WLF-R/(6,6)-WLF-U/(3,3)-BER-R/(1,7)-SQR-L/(3,5)-BER-U/(1,1)-SQR-R/(1,4)-SQR-D/", 772, 15, 83, 0, 688,
levels/P2L25, 15, "(6,4)-SQR-U/(4,7)-WLF-L/(4,6)-WLF-U/(2,6)-WLF-L/(1,7)-MSE-D/(4,7)-MSE-L/(2,4)-WLF-R/(2,7)-WLF-U/(6,7)-WLF-L/(4,6)-MSE-D/(6,6)-MSE-R/(4,4)-SQR-D/(6,4)-SQR-R/(6,6)-SQR-U/(2,6)-SQR-L/", 28638, 248, 1732, 0, 24659,
levels/P2L26, 19, "(5,8)-WLF-U/(1,6)-MSE-D/(1,8)-WLF-L/(6,8)-WLF-U/(1,8)-WLF-L/(1,3)-WLF-D/(1,2)-WLF-R/(3,3)-WLF-U/(1,8)-WLF-L/(1,4)-WLF-D/(3,6)-MSE-L/(1,3)-WLF-R/(4,6)-SQR-U/(3,3)-MSE-U/(1,6)-SQR-L/(1,3)-MSE-D/(6,4)-WLF-U/(3,4)-WLF-R/(1,4)-SQR-D/", 348316, 2904, 22371, 0, 279393,
levels/P2L27, 10, "(3,3)-BER-U/(1,3)-SQR-L/(1,1)-SQR-D/(2,3)-BER-L/(4,1)-SQR-U/(2,1)-BER-R/(3,1)-SQR-R/(2,4)-BER-D/(3,6)-SQR-L/(3,5)-SQR-D/", 1100, 37, 153, 0, 946,
levels/P2L28, 14, "(5,2)-SQR-L/(3,2)-BER-U/(1,2)-BER-R/(1,4)-BER-D/(2,1)-HOG-R/(2,4)-BER-U/(1,4)-BER-L/(2,3)-HOG-U/(1,2)-BER-D/(1,3)-HOG-L/(1,2)-HOG-D/(4,2)-HOG-R/(5,1)-SQR-U/(2,1)-SQR-R/", 11799, 160, 818, 0, 9688,
levels/P2L29, 16, "(3,4)-WLF-L/(4,5)-SQR-U/(3,3)-WLF-R/(3,5)-WLF-D/(2,6)-MSE-L/(2,4)-MSE-D/(3,4)-MSE-R/(1,5)-SQR-D/(3,5)-MSE-L/(2,5)-SQR-R/(3,2)-WLF-R/(3,5)-WLF-D/(2,6)-SQR-L/(2,4)-SQR-D/(3,4)-SQR-L/(3,2)-SQR-D/", 4640, 38, 339, 0, 3810,
levels/P2L30, 17, "(5,4)-SQR-U/(3,4)-SQR-R/(3,6)-SQR-U/(2,6)-SQR-L/(2,8)-BER-L/(2,5)-SQR-D/(5,5)-SQR-L/(5,4)-SQR-U/(2,6)-BER-D/(3,4)-SQR-R/(5,6)-BER-U/(4,6)-BER-L/(4,2)-BER-R/(4,6)-BER-D/(3,6)-SQR-D/(4,6)-SQR-L/(4,2)-SQR-U/", 2969, 47, 318, 0, 2632,
levels/P2L31, 20, "(2,6)-BER-R/(4,7)-SQR-D/(2,7)-BER-D/(5,7)-SQR-L/(4,7)-BER-L/(4,2)-BER-U/(3,2)-BER-R/(5,3)-SQR-U/(3,3)-BER-U/(1,3)-BER-L/(1,4)-HOG-L/(4,3)-SQR-R/(1,3)-HOG-D/(5,3)-HOG-R/(4,7)-SQR-L/(4,2)-SQR-U/(1,2)-BER-R/(3,2)-SQR-R/(3,3)-SQR-U/(1,3)-SQR-L/", 2938, 26, 266, 0, 2438,
levels/P2L32, 16, "(6,7)-WLF-U/(2,7)-WLF-L/(1,7)-WLF-D/(2,6)-WLF-R/(6,7)-WLF-U/(3,7)-WLF-L/(6,3)-SQR-U/(2,7)-WLF-U/(6,5)-MSE-R/(3,3)-SQR-R/(6,7)-MSE-U/(4,7)-MSE-L/(4,5)-MSE-U/(3,5)-MSE-L/(3,7)-SQR-L/(3,2)-SQR-U/", 11093, 112, 969, 0, 9882,
levels/P2L33, 12, "(4,8)-SQR-L/(1,8)-HOG-D/(5,8)-HOG-L/(6,8)-BER-U/(4,3)-SQR-D/(5,3)-SQR-R/(1,8)-BER-D/(4,8)-BER-L/(4,3)-BER-D/(5,8)-SQR-L/(5,4)-SQR-U/(2,4)-SQR-L/", 12754, 302, 1463, 0, 10298,
levels/P2L34, 17, "(1,6)-MSE-D/(3,6)-MSE-L/(1,4)-BER-D/(3,4)-MSE-R/(3,7)-MSE-U/(2,7)-MSE-L/(2,5)-MSE-U/(1,2)-SQR-R/(1,5)-MSE-D/(3,5)-MSE-L/(5,5)-WLF-L/(3,4)-MSE-D/(5,2)-WLF-R/(5,4)-WLF-U/(2,4)-BER-D/(1,4)-SQR-D/(5,4)-SQR-L/", 108318, 1366, 7336, 0, 99502,
levels/P2L35, 23, "(3,1)-MSE-U/(1,1)-MSE-R/(1,3)-MSE-D/(2,3)-MSE-R/(2,8)-MSE-U/(1,6)-MSE-D/(1,8)-MSE-L/(6,6)-MSE-L/(1,5)-MSE-D/(5,5)-MSE-R/(6,5)-MSE-U/(5,7)-MSE-L/(1,5)-MSE-D/(5,5)-MSE-R/(4,8)-WLF-L/(4,7)-WLF-D/(4,5)-MSE-R/(4,4)-SQR-R/(4,7)-SQR-U/(1,7)-SQR-R/(1,8)-SQR-D/(2,8)-SQR-L/(2,1)-SQR-D/", 7908, 91, 693, 0, 6549,
levels/P2L36, 20, "(6,7)-SQR-L/(2,7)-WLF-L/(3,7)-WLF-U/(4,6)-MSE-U/(5,6)-MSE-U/(3,6)-MSE-L/(6,6)-SQR-U/(3,4)-MSE-U/(3,6)-SQR-L/(3,4)-SQR-U/(2,6)-MSE-L/(1,7)-WLF-D/(2,5)-MSE-D/(2,4)-SQR-R/(2,1)-WLF-R/(3,5)-MSE-R/(2,4)-WLF-D/(3,4)-WLF-R/(3,6)-WLF-D/(2,7)-SQR-L/", 240390, 1643, 14365, 0, 205896,
levels/P3L01, 5, "(2,6)-MSE-L/(6,4)-SQR-L/(6,3)-SQR-U/(3,3)-SQR-R/(3,8)-SQR-D/", 280, 23, 56, 0, 218,
levels/P3L02, 7, "(6,4)-MSE-U/(2,4)-MSE-L/(2,3)-MSE-D/(4,3)-MSE-R/(4,1)-SQR-R/(4,4)-SQR-D/(6,4)-SQR-R/", 83, 4, 15, 0, 61,
levels/P3L03, 9, "(6,5)-MSE-L/(6,3)-MSE-U/(5,5)-MSE-U/(2,5)-MSE-L/(2,3)-MSE-U/(1,3)-MSE-R/(1,2)-SQR-R/(1,3)-SQR-D/(4,3)-SQR-R/", 795, 19, 85, 0, 640,
levels/P3L04, 10, "(5,4)-SQR-U/(4,4)-SQR-L/(5,7)-HOG-L/(2,6)-MSE-D/(5,6)-MSE-R/(4,3)-SQR-R/(4,4)-SQR-D/(5,4)-SQR-R/(5,6)-SQR-U/(2,6)-SQR-L/", 246, 6, 34, 0, 193,
levels/P3L05, 10, "(6,2)-HOG-R/(6,4)-HOG-U/(3,4)-HOG-L/(2,4)-HOG-R/(4,2)-SQR-R/(4,4)-SQR-U/(1,4)-SQR-L/(1,3)-SQR-D/(2,3)-SQR-R/(2,6)-SQR-D/", 2620, 55, 263, 0, 1967,
levels/P3L06, 3, "(3,5)-ALG-R/(3,6)-ALG-D/(3,2)-SQR-R/", 19, 1, 2, 0, 12,
levels/P3L07, 6, "(2,7)-ALG-D/(5,7)-ALG-L/(5,3)-ALG-U/(3,3)-ALG-D/(2,5)-SQR-D/(3,5)-SQR-L/", 194, 8, 24, 0, 136,
levels/P3L08, 10, "(6,3)-HOG-U/(1,7)-MSE-R/(2,3)-HOG-R/(2,7)-HOG-D/(5,5)-SQR-U/(1,8)-MSE-L/(1,7)-MSE-D/(2,5)-SQR-R/(2,6)-SQR-D/(4,6)-SQR-R/", 1079, 28, 151, 0, 844,
levels/P3L09, 12, "(3,4)-ALG-R/(3,8)-ALG-L/(1,8)-MSE-D/(6,8)-MSE-L/(6,4)-MSE-U/(3,1)-ALG-R/(3,8)-ALG-D/(5,4)-MSE-L/(5,1)-MSE-D/(1,1)-SQR-D/(5,1)-SQR-R/(5,5)-SQR-U/", 13641, 177, 987, 0, 11208,
levels/P3L10, 14, "(3,5)-HOG-R/(3,6)-HOG-U/(5,6)-SQR-U/(3,4)-HOG-L/(3,6)-SQR-L/(3,3)-SQR-U/(6,5)-HOG-R/(6,6)-HOG-U/(3,6)-HOG-L/(3,3)-HOG-D/(1,3)-SQR-D/(3,3)-SQR-R/(3,6)-SQR-D/(6,6)-SQR-L/", 258, 7, 26, 0, 153,
levels/P3L11, 10, "(4,5)-HOG-R/(4,8)-HOG-U/(3,8)-HOG-L/(3,6)-HOG-U/(1,6)-HOG-R/(1,2)-MSE-R/(1,6)-MSE-D/(6,6)-MSE-L/(6,7)-SQR-L/(6,3)-SQR-U/", 165, 5, 19, 0, 123,
levels/P3L12, 13, "(5,1)-MSE-R/(5,7)-MSE-L/(5,5)-MSE-D/(3,1)-MSE-D/(5,1)-MSE-R/(5,3)-MSE-U/(1,1)-SQR-D/(5,1)-SQR-R/(5,3)-SQR-U/(2,3)-SQR-R/(2,5)-SQR-D/(5,5)-SQR-R/(5,7)-SQR-U/", 2709, 40, 274, 0, 2394,
levels/P3L13, 12, "(5,7)-ALG-L/(6,8)-MSE-L/(6,7)-MSE-U/(3,7)-MSE-L/(5,1)-ALG-R/(3,5)-MSE-D/(3,1)-SQR-D/(5,1)-SQR-R/(5,4)-SQR-U/(4,4)-SQR-L/(4,3)-SQR-U/(1,3)-SQR-R/", 1783, 65, 234, 0, 1448,
levels/P3L14, 10, "(3,5)-SQR-L/(3,2)-SQR-D/(4,2)-SQR-R/(2,5)-MSE-D/(4,5)-SQR-L/(4,2)-SQR-U/(3,2)-SQR-R/(3,4)-SQR-D/(6,4)-SQR-R/(6,7)-SQR-U/", 421, 27, 80, 0, 320,
levels/P3L15, 12, "(1,5)-MSE-L/(1,6)-MSE-L/(1,2)-MSE-D/(1,7)-SQR-L/(1,2)-SQR-D/(5,2)-SQR-L/(1,8)-MSE-L/(1,2)-MSE-D/(5,2)-MSE-R/(5,1)-SQR-R/(5,7)-SQR-U/(3,7)-SQR-L/", 226, 5, 27, 0, 188,
levels/P3L16, 7, "(6,3)-MSE-U/(2,6)-HOG-L/(2,4)-HOG-D/(2,7)-HOG-L/(4,1)-SQR-R/(4,3)-SQR-U/(2,3)-SQR-R/", 379, 15, 42, 0, 277,
levels/P3L17, 10, "(1,2)-ALG-R/(4,7)-HOG-U/(4,3)-HOG-U/(1,3)-HOG-R/(6,3)-SQR-U/(1,3)-SQR-R/(1,4)-SQR-D/(2,4)-SQR-R/(2,7)-SQR-D/(6,7)-SQR-L/", 2278, 42, 249, 0, 1755,
levels/P3L18, 10, "(3,5)-MSE-U/(2,5)-MSE-R/(2,7)-MSE-U/(5,5)-ALG-U/(5,3)-SQR-R/(5,5)-SQR-D/(6,5)-SQR-R/(6,7)-SQR-U/(2,5)-ALG-D/(2,7)-SQR-L/", 1626, 29, 175, 0, 1282,
levels/P3L19, 13, "(1,5)-MSE-R/(1,6)-MSE-D/(3,6)-MSE-L/(3,3)-MSE-D/(6,5)-SQR-L/(6,3)-MSE-U/(3,3)-MSE-R/(6,4)-SQR-U/(5,4)-SQR-L/(5,3)-SQR-U/(3,3)-SQR-R/(3,6)-SQR-U/(1,6)-SQR-L/", 798, 23, 118, 0, 632,
levels/P3L20, 21, "(4,1)-MSE-D/(5,1)-MSE-R/(1,4)-MSE-D/(4,4)-MSE-R/(4,6)-MSE-U/(3,2)-MSE-L/(3,1)-MSE-D/(5,1)-MSE-R/(5,3)-MSE-U/(4,3)-MSE-R/(4,6)-MSE-U/(3,6)-MSE-R/(3,8)-MSE-U/(2,6)-MSE-D/(6,8)-SQR-U/(3,8)-SQR-L/(3,6)-SQR-D/(4,6)-SQR-L/(4,3)-SQR-D/(5,3)-SQR-L/(5,1)-SQR-U/", 1513, 18, 146, 0, 1208,
levels/P3L21, 19, "(3,1)-MSE-U/(4,1)-MSE-U/(2,1)-MSE-R/(5,1)-SQR-U/(2,1)-SQR-R/(1,1)-MSE-D/(2,2)-SQR-L/(6,1)-MSE-R/(2,1)-SQR-D/(2,3)-MSE-L/(6,1)-SQR-R/(2,1)-MSE-D/(6,7)-SQR-L/(6,8)-MSE-L/(1,8)-ALG-D/(6,8)-ALG-L/(6,4)-ALG-U/(6,2)-SQR-R/(6,8)-SQR-U/", 11081, 78, 820, 0, 9844,
levels/P3L22, 17, "(5,6)-SQR-U/(2,5)-HOG-L/(6,7)-MSE-L/(6,6)-MSE-U/(5,6)-MSE-L/(5,3)-MSE-D/(2,3)-HOG-D/(4,6)-SQR-D/(6,6)-SQR-R/(5,3)-HOG-R/(6,7)-SQR-L/(6,6)-SQR-U/(4,6)-SQR-L/(4,5)-SQR-D/(5,5)-SQR-L/(5,3)-SQR-U/(2,3)-SQR-R/", 2391, 40, 229, 0, 1797,
levels/P3L23, 25, "(5,3)-HOG-U/(4,3)-HOG-R/(4,6)-HOG-U/(3,6)-HOG-L/(2,8)-MSE-D/(3,8)-MSE-L/(3,6)-MSE-D/(5,6)-MSE-L/(5,3)-MSE-U/(4,3)-MSE-L/(4,1)-MSE-U/(1,7)-MSE-L/(1,5)-MSE-D/(2,5)-MSE-L/(2,4)-MSE-D/(5,4)-MSE-L/(5,3)-MSE-U/(4,3)-MSE-L/(1,1)-MSE-D/(4,1)-MSE-R/(6,1)-SQR-U/(4,1)-SQR-R/(4,5)-SQR-D/(5,5)-SQR-R/(5,7)-SQR-D/", 18152, 130, 1635, 0, 16077,
levels/P3L24, 15, "(5,4)-ALG-R/(1,6)-ALG-D/(4,6)-ALG-L/(5,6)-ALG-U/(4,5)-ALG-R/(1,6)-ALG-D/(4,6)-ALG-D/(6,6)-ALG-L/(3,6)-ALG-R/(1,2)-SQR-D/(4,2)-SQR-R/(4,3)-SQR-D/(6,3)-SQR-R/(6,6)-SQR-U/(1,6)-SQR-L/", 5498, 60, 472, 0, 4629,
levels/P3L25, 21, "(3,6)-MSE-R/(2,6)-MSE-D/(3,6)-MSE-R/(3,7)-MSE-D/(2,5)-MSE-R/(2,6)-MSE-D/(3,6)-MSE-R/(3,8)-MSE-U/(3,7)-MSE-D/(3,3)-ALG-R/(3,8)-ALG-U/(5,7)-MSE-U/(3,7)-MSE-L/(5,5)-SQR-U/(4,5)-SQR-L/(6,7)-MSE-U/(3,7)-MSE-L/(3,6)-MSE-U/(2,6)-MSE-L/(4,4)-SQR-U/(3,4)-SQR-L/", 13890, 117, 1012, 0, 11662,
levels/P3L26, 12, "(5,3)-ALG-U/(6,4)-MSE-L/(6,6)-MSE-L/(2,3)-ALG-R/(6,3)-MSE-U/(2,7)-ALG-L/(6,2)-MSE-R/(6,7)-MSE-U/(6,1)-SQR-R/(6,7)-SQR-U/(2,3)-ALG-D/(2,7)-SQR-L/", 9814, 165, 745, 0, 8490,
levels/P3L27, 11, "(2,8)-ALG-D/(1,7)-MSE-D/(2,7)-MSE-L/(3,8)-ALG-U/(2,8)-ALG-L/(2,6)-ALG-D/(4,6)-ALG-L/(4,3)-ALG-U/(4,1)-SQR-D/(5,1)-SQR-R/(5,4)-SQR-U/", 3825, 66, 280, 0, 2614,
levels/P3L28, 19, "(3,1)-MSE-U/(4,1)-SQR-U/(4,2)-MSE-L/(3,3)-ALG-D/(5,3)-ALG-R/(5,7)-ALG-U/(4,1)-MSE-R/(3,1)-SQR-R/(2,1)-MSE-D/(4,1)-MSE-R/(4,3)-MSE-D/(5,3)-MSE-R/(2,7)-ALG-L/(3,3)-SQR-D/(5,3)-SQR-R/(5,6)-SQR-U/(2,6)-SQR-R/(2,7)-SQR-D/(4,7)-SQR-R/", 23667, 259, 1858, 0, 20804,
levels/P3L29, 20, "(4,1)-SQR-U/(2,5)-ALG-R/(2,7)-ALG-D/(6,7)-ALG-L/(2,4)-ALG-R/(2,7)-ALG-D/(2,1)-SQR-R/(2,7)-SQR-U/(5,1)-MSE-U/(6,3)-ALG-U/(6,7)-ALG-L/(6,3)-ALG-U/(5,3)-ALG-R/(5,5)-ALG-U/(2,1)-MSE-R/(2,7)-MSE-D/(6,7)-MSE-L/(1,7)-SQR-D/(6,7)-SQR-L/(6,4)-SQR-U/", 20821, 174, 1478, 0, 18348,
levels/P3L30, 14, "(4,8)-SQR-U/(1,8)-SQR-L/(1,7)-SQR-D/(5,7)-SQR-L/(1,5)-MSE-L/(4,3)-ALG-L/(5,4)-SQR-U/(4,1)-ALG-R/(2,3)-MSE-D/(2,4)-SQR-L/(4,3)-MSE-L/(2,3)-SQR-D/(4,3)-SQR-L/(4,2)-SQR-D/", 158788, 3495, 14888, 0, 136740,
levels/P3L31, 21, "(6,6)-MSE-R/(6,8)-MSE-U/(6,5)-MSE-R/(6,8)-MSE-U/(6,4)-MSE-R/(6,8)-MSE-U/(6,3)-SQR-R/(6,8)-SQR-U/(3,8)-MSE-L/(2,8)-MSE-D/(1,8)-MSE-D/(3,8)-MSE-L/(4,8)-SQR-U/(3,5)-MSE-U/(3,8)-SQR-L/(2,5)-MSE-L/(3,5)-SQR-U/(2,5)-SQR-L/(2,3)-SQR-D/(3,3)-SQR-L/(3,1)-SQR-U/", 402953, 4409, 27680, 0, 370497,
levels/P3L32, 18, "(5,1)-MSE-U/(5,2)-SQR-L/(5,1)-SQR-U/(5,6)-HOG-U/(5,7)-HOG-L/(4,6)-HOG-D/(5,8)-HOG-L/(5,6)-HOG-L/(5,2)-HOG-U/(5,1)-HOG-R/(5,6)-HOG-U/(2,1)-SQR-D/(1,1)-MSE-D/(4,6)-HOG-L/(5,7)-HOG-U/(4,2)-HOG-U/(5,1)-SQR-R/(5,8)-SQR-U/", 103117, 1417, 7155, 0, 83025,
levels/P3L33, 18, "(4,3)-MSE-U/(3,3)-MSE-R/(4,5)-MSE-U/(3,8)-MSE-L/(3,5)-MSE-L/(1,8)-ALG-L/(1,4)-ALG-D/(3,6)-MSE-U/(1,3)-ALG-R/(1,6)-ALG-D/(1,1)-SQR-R/(3,2)-MSE-U/(1,2)-MSE-L/(1,8)-SQR-L/(4,4)-ALG-U/(4,6)-ALG-U/(1,2)-SQR-D/(4,2)-SQR-R/", 45623, 413, 3157, 0, 37843,
levels/P3L34, 31, "(2,3)-MSE-R/(3,3)-MSE-U/(2,7)-MSE-L/(2,4)-MSE-U/(2,3)-MSE-R/(1,4)-MSE-D/(2,7)-MSE-L/(2,5)-MSE-U/(2,4)-MSE-R/(1,3)-MSE-R/(1,4)-MSE-D/(2,4)-MSE-R/(2,6)-MSE-D/(1,5)-MSE-D/(2,7)-MSE-L/(2,5)-MSE-U/(4,6)-MSE-L/(2,6)-MSE-D/(4,6)-MSE-L/(4,5)-MSE-D/(6,5)-MSE-L/(4,4)-MSE-R/(1,5)-MSE-R/(6,6)-SQR-L/(6,5)-SQR-U/(4,5)-SQR-R/(4,6)-SQR-U/(2,6)-SQR-L/(2,3)-SQR-D/(3,3)-SQR-L/(3,1)-SQR-U/", 22497, 158, 1629, 0, 19225,
levels/P3L35, 28, "(3,5)-ALG-R/(5,5)-MSE-U/(3,8)-ALG-D/(1,3)-HOG-D/(4,8)-ALG-L/(6,6)-MSE-U/(4,3)-ALG-R/(1,5)-MSE-D/(5,5)-MSE-R/(6,5)-MSE-U/(2,6)-MSE-L/(5,6)-MSE-L/(1,5)-MSE-D/(5,5)-MSE-R/(5,6)-MSE-U/(2,3)-MSE-D/(2,6)-MSE-L/(2,3)-MSE-D/(4,3)-MSE-L/(4,1)-MSE-U/(5,1)-SQR-U/(5,3)-MSE-U/(4,5)-MSE-L/(4,1)-SQR-R/(4,3)-SQR-U/(2,3)-SQR-R/(2,6)-SQR-D/(6,6)-SQR-R/", 295659, 1277, 16125, 0, 259022,
levels/P3L36, 34, "(3,7)-HOG-D/(4,7)-HOG-L/(1,5)-HOG-D/(3,5)-HOG-L/(4,5)-HOG-R/(4,7)-HOG-U/(3,7)-HOG-L/(3,3)-HOG-D/(6,7)-SQR-L/(3,2)-HOG-R/(3,7)-HOG-D/(4,7)-HOG-L/(4,5)-HOG-U/(1,5)-HOG-R/(6,5)-SQR-U/(1,3)-MSE-D/(5,3)-MSE-R/(5,6)-MSE-D/(6,6)-MSE-L/(6,5)-MSE-U/(2,5)-MSE-R/(1,5)-SQR-D/(2,6)-MSE-L/(6,5)-SQR-U/(3,5)-SQR-R/(3,7)-SQR-D/(4,7)-SQR-L/(2,5)-MSE-D/(4,5)-SQR-R/(4,7)-SQR-U/(3,5)-MSE-L/(3,7)-SQR-L/(3,3)-SQR-U/(1,3)-SQR-L/", 29074, 153, 2469, 0, 23782,
levels/P4L01, 4, "(4,4)-SNK-U/(2,6)-MSE-L/(6,4)-SQR-U/(2,4)-SQR-L/", 30, 1, 3, 0, 21,
levels/P4L02, 4, "(4,2)-SNK-U/(3,7)-MSE-D/(4,7)-MSE-L/(4,8)-SQR-L/", 126, 10, 24, 0, 96,
levels/P4L03, 9, "(5,3)-SNK-R/(3,4)-MSE-D/(5,6)-SNK-U/(2,4)-MSE-D/(4,4)-MSE-R/(2,3)-SQR-R/(2,4)-SQR-D/(4,4)-SQR-R/(4,6)-SQR-D/", 484, 10, 44, 0, 437,
levels/P4L04, 11, "(5,6)-SQR-L/(1,6)-HOG-L/(1,5)-HOG-D/(2,5)-HOG-R/(2,7)-HOG-D/(5,5)-SQR-D/(4,7)-HOG-L/(4,3)-HOG-R/(6,5)-SQR-U/(4,5)-SQR-L/(4,3)-SQR-D/", 748, 15, 72, 0, 599,
levels/P4L05, 8, "(2,7)-PRC-L/(4,2)-PRC-R/(1,3)-SQR-D/(2,3)-SQR-R/(2,7)-SQR-D/(4,7)-SQR-L/(4,2)-SQR-D/(6,2)-SQR-R/", 1755, 31, 171, 0, 1467,
levels/P4L06, 6, "(3,5)-MSE-R/(3,6)-MSE-D/(2,3)-SQR-D/(5,3)-SQR-R/(5,5)-SQR-U/(1,5)-SQR-R/", 479, 13, 51, 0, 376,
levels/P4L07, 7, "(4,7)-PRC-U/(3,6)-MSE-R/(3,7)-PRC-L/(5,7)-SQR-U/(3,4)-PRC-U/(3,7)-SQR-L/(3,2)-SQR-D/", 780, 17, 73, 0, 596,
levels/P4L08, 8, "(5,4)-SQR-R/(5,6)-SQR-U/(2,4)-MSE-R/(2,5)-MSE-D/(5,5)-MSE-L/(2,6)-SQR-D/(5,6)-SQR-L/(5,3)-SQR-U/", 713, 22, 94, 0, 551,
levels/P4L09, 7, "(6,2)-PRC-U/(4,2)-PRC-R/(4,4)-PRC-U/(2,6)-SNK-L/(2,4)-PRC-L/(6,4)-SQR-U/(2,4)-SQR-R/", 1063, 44, 129, 0, 821,
levels/P4L10, 7, "(6,6)-MSE-U/(2,6)-MSE-L/(6,5)-PRC-U/(3,5)-PRC-L/(5,3)-SNK-U/(3,3)-PRC-R/(2,3)-SQR-D/", 320, 7, 24, 0, 249,
levels/P4L11, 7, "(2,3)-SQR-L/(5,6)-SNK-U/(4,6)-SNK-L/(4,4)-SNK-U/(2,7)-PRC-L/(2,5)-PRC-D/(2,2)-SQR-R/", 1039, 26, 79, 0, 813,
levels/P4L12, 8, "(4,3)-PRC-L/(4,2)-PRC-U/(2,4)-SNK-D/(3,4)-SNK-L/(3,2)-PRC-R/(2,6)-SNK-D/(3,6)-PRC-U/(3,1)-SQR-R/", 3827, 91, 309, 0, 3022,
levels/P4L13, 10, "(4,8)-SQR-U/(3,8)-SQR-L/(4,2)-PRC-R/(3,6)-SQR-D/(4,1)-MSE-R/(4,5)-MSE-D/(5,5)-MSE-L/(5,3)-MSE-U/(4,6)-SQR-L/(4,4)-SQR-U/", 1265, 63, 176, 0, 974,
levels/P4L14, 10, "(5,3)-SNK-D/(3,3)-MSE-D/(6,1)-SQR-R/(6,2)-SQR-U/(3,2)-SQR-R/(3,4)-SQR-U/(4,7)-MSE-U/(1,7)-MSE-R/(1,4)-SQR-R/(1,7)-SQR-D/", 9156, 158, 875, 0, 7478,
levels/P4L15, 10, "(3,5)-MSE-D/(5,5)-MSE-L/(2,3)-SNK-D/(6,3)-SQR-U/(5,3)-SQR-R/(5,6)-SQR-U/(4,6)-SQR-L/(4,4)-SQR-U/(3,4)-SQR-L/(3,3)-SQR-U/", 325, 20, 60, 0, 247,
levels/P4L16, 5, "(3,4)-SNK-L/(5,4)-MSE-U/(5,5)-MSE-L/(5,4)-MSE-U/(2,2)-SQR-R/", 451, 15, 46, 0, 354,
levels/P4L17, 12, "(1,1)-PRC-R/(3,1)-MSE-U/(1,3)-PRC-D/(1,1)-MSE-R/(4,1)-SQR-U/(4,3)-PRC-L/(1,3)-MSE-D/(1,1)-SQR-R/(1,3)-SQR-D/(3,3)-SQR-R/(3,5)-SQR-D/(6,5)-SQR-L/", 34294, 1051, 3413, 0, 28266,
levels/P4L18, 9, "(4,7)-SNK-L/(4,4)-PRC-R/(4,5)-PRC-D/(3,7)-SNK-D/(4,7)-SNK-L/(4,3)-SNK-D/(2,3)-SQR-D/(4,3)-SQR-R/(4,7)-SQR-U/", 8197, 143, 660, 0, 7110,
levels/P4L19, 16, "(5,4)-MSE-L/(5,2)-MSE-U/(1,8)-PRC-L/(3,2)-MSE-R/(3,7)-MSE-U/(1,7)-MSE-R/(1,5)-PRC-R/(5,5)-MSE-L/(5,2)-MSE-U/(3,2)-MSE-L/(1,7)-PRC-D/(3,7)-PRC-L/(3,2)-PRC-D/(5,7)-SNK-L/(5,2)-PRC-U/(5,1)-SQR-R/", 26211, 317, 1926, 0, 23316,
levels/P4L20, 10, "(6,6)-SNK-U/(6,4)-MSE-U/(1,4)-MSE-L/(1,3)-MSE-D/(5,3)-MSE-R/(5,6)-MSE-U/(3,6)-MSE-R/(1,8)-SNK-D/(6,8)-SQR-U/(3,8)-SQR-L/", 286, 6, 28, 0, 220,
levels/P4L21, 16, "(3,5)-SNK-R/(3,2)-SNK-R/(3,6)-SNK-U/(5,1)-SQR-R/(2,1)-MSE-D/(3,7)-SNK-L/(3,1)-SNK-U/(5,1)-MSE-U/(3,8)-SNK-D/(3,1)-MSE-R/(3,8)-MSE-D/(5,2)-SQR-L/(5,1)-SQR-U/(3,1)-SQR-R/(3,8)-SQR-D/(5,8)-SQR-L/", 117026, 1117, 7398, 0, 108464,
levels/P4L22, 10, "(3,6)-PRC-L/(4,5)-SNK-U/(3,5)-PRC-U/(2,8)-MSE-D/(3,3)-SQR-R/(3,7)-SQR-D/(3,8)-MSE-L/(3,1)-PRC-R/(4,7)-SQR-U/(3,7)-SQR-L/", 2066, 30, 158, 0, 1594,
levels/P4L23, 14, "(5,2)-HOG-R/(5,6)-HOG-D/(5,7)-HOG-L/(6,6)-HOG-U/(3,3)-PRC-U/(3,6)-MSE-L/(5,2)-HOG-R/(5,5)-HOG-U/(2,3)-PRC-D/(3,3)-PRC-R/(3,4)-PRC-D/(3,5)-HOG-D/(3,7)-SQR-L/(3,3)-SQR-U/", 70893, 796, 4687, 0, 61302,
levels/P4L24, 10, "(4,8)-SNK-U/(3,6)-MSE-R/(1,8)-SNK-D/(1,5)-MSE-D/(3,3)-SNK-R/(6,4)-SQR-R/(6,8)-SQR-U/(3,8)-SQR-L/(3,5)-SQR-U/(1,5)-SQR-L/", 34018, 1434, 3882, 0, 28290,
levels/P4L25, 15, "(6,2)-HOG-U/(1,3)-MSE-R/(1,2)-MSE-R/(1,4)-MSE-D/(3,2)-HOG-R/(3,4)-HOG-U/(5,4)-MSE-R/(3,6)-SNK-D/(6,6)-SQR-U/(5,6)-SQR-L/(5,2)-SQR-U/(1,4)-HOG-L/(3,2)-SQR-R/(3,4)-SQR-U/(1,4)-SQR-R/", 21327, 273, 1848, 0, 17896,
levels/P4L26, 18, "(1,2)-SQR-R/(1,6)-SQR-D/(4,6)-SQR-L/(4,5)-SQR-U/(3,8)-MSE-L/(3,6)-MSE-U/(3,5)-SQR-D/(3,2)-PRC-R/(4,5)-SQR-R/(1,6)-MSE-D/(3,6)-MSE-L/(1,1)-MSE-R/(1,6)-MSE-D/(4,6)-SQR-L/(3,6)-MSE-L/(4,5)-SQR-U/(3,5)-SQR-L/(3,3)-SQR-D/", 48044, 427, 3660, 0, 41733,
levels/P4L27, 9, "(3,2)-SNK-R/(3,4)-SNK-D/(3,6)-SNK-L/(5,4)-SNK-U/(4,7)-MSE-L/(4,8)-SQR-L/(4,5)-SQR-D/(5,5)-SQR-L/(5,2)-SQR-U/", 13905, 253, 1164, 0, 11977,
levels/P4L28, 12, "(6,6)-MSE-L/(6,4)-MSE-U/(2,1)-MSE-R/(2,3)-MSE-U/(2,4)-MSE-D/(2,8)-PRC-L/(3,8)-PRC-U/(3,1)-SQR-R/(1,3)-MSE-D/(3,8)-SQR-L/(3,4)-SQR-D/(5,4)-SQR-R/", 212755, 7035, 20125, 0, 177168,
levels/P4L29, 25, "(3,1)-PRC-R/(3,6)-PRC-U/(1,6)-PRC-L/(1,4)-PRC-D/(5,6)-PRC-L/(5,5)-PRC-U/(1,5)-PRC-L/(5,4)-PRC-U/(2,4)-PRC-R/(5,8)-SNK-U/(1,1)-SQR-D/(3,1)-SQR-R/(3,6)-SQR-U/(5,3)-MSE-R/(1,4)-PRC-D/(1,6)-SQR-L/(5,4)-PRC-L/(1,4)-SQR-D/(5,6)-MSE-L/(5,5)-MSE-U/(1,5)-MSE-L/(5,4)-SQR-U/(2,8)-PRC-U/(2,4)-SQR-R/(2,8)-SQR-D/", 250092, 2610, 17143, 0, 220615,
levels/P4L30, 26, "(6,2)-SQR-U/(3,6)-SNK-D/(2,7)-MSE-D/(3,7)-MSE-R/(4,6)-SNK-U/(2,6)-SNK-L/(3,8)-MSE-L/(6,6)-PRC-L/(6,7)-PRC-L/(2,4)-SNK-D/(6,8)-PRC-L/(6,3)-PRC-R/(6,4)-PRC-U/(6,2)-PRC-R/(2,4)-PRC-R/(6,4)-PRC-U/(2,7)-PRC-D/(2,4)-PRC-R/(3,6)-MSE-U/(2,6)-MSE-L/(2,4)-MSE-D/(5,2)-SQR-D/(6,4)-MSE-L/(6,5)-PRC-L/(6,4)-PRC-U/(6,2)-SQR-R/", 337855, 2047, 17837, 0, 300165,
levels/P4L31, 17, "(1,1)-PRC-D/(1,8)-MSE-D/(2,8)-MSE-L/(5,1)-PRC-U/(1,2)-PRC-L/(1,1)-PRC-D/(3,1)-PRC-R/(3,7)-PRC-U/(2,1)-PRC-R/(2,6)-PRC-D/(4,6)-PRC-L/(4,4)-PRC-U/(2,7)-PRC-L/(2,5)-PRC-D/(6,4)-SNK-R/(6,5)-PRC-U/(6,8)-SQR-L/", 39806, 357, 2423, 0, 34600,
levels/P4L32, 21, "(3,4)-MSE-D/(5,4)-MSE-R/(5,6)-MSE-U/(1,6)-MSE-R/(1,1)-PRC-R/(1,6)-PRC-D/(3,2)-MSE-D/(4,2)-MSE-R/(4,6)-MSE-U/(1,6)-MSE-L/(3,1)-MSE-R/(3,2)-MSE-D/(4,2)-MSE-R/(4,6)-MSE-U/(1,1)-MSE-R/(1,6)-MSE-D/(1,8)-SQR-L/(3,3)-MSE-D/(5,3)-MSE-R/(1,6)-SQR-D/(4,6)-SQR-L/", 423910, 2158, 23609, 0, 364363,
levels/P4L33, 13, "(1,3)-SNK-L/(6,4)-SQR-U/(6,2)-MSE-R/(1,4)-SQR-D/(6,8)-MSE-L/(1,1)-SNK-R/(1,5)-SNK-D/(3,1)-MSE-U/(1,1)-MSE-R/(6,4)-SQR-U/(1,4)-SQR-R/(1,5)-SQR-D/(4,5)-SQR-R/", 24987, 421, 2480, 0, 21454,
levels/P4L34, 34, "(6,4)-SNK-U/(5,4)-SNK-R/(5,6)-SNK-U/(3,6)-SNK-L/(1,2)-MSE-R/(1,1)-MSE-R/(3,5)-SNK-U/(1,5)-SNK-L/(6,3)-SNK-U/(5,3)-SNK-R/(5,6)-SNK-U/(3,6)-SNK-L/(3,5)-SNK-U/(1,5)-SNK-L/(6,2)-SNK-U/(5,2)-SNK-R/(5,6)-SNK-U/(3,6)-SNK-L/(3,5)-SNK-U/(1,2)-SNK-R/(1,5)-SNK-D/(1,7)-MSE-L/(1,8)-MSE-L/(3,5)-SNK-R/(3,6)-SNK-D/(1,5)-MSE-D/(3,5)-MSE-R/(3,6)-MSE-D/(6,8)-SQR-U/(1,8)-SQR-L/(1,5)-SQR-D/(3,5)-SQR-R/(3,6)-SQR-D/(5,6)-SQR-L/", 660802, 3084, 35322, 0, 620981,
levels/P4L35, 22, "(3,6)-MSE-D/(5,6)-MSE-L/(5,4)-MSE-U/(3,4)-MSE-L/(5,2)-SNK-U/(1,2)-MSE-D/(2,4)-SQR-D/(3,2)-MSE-R/(3,4)-MSE-U/(1,1)-MSE-R/(1,2)-MSE-D/(3,2)-MSE-R/(3,4)-MSE-U/(6,4)-SQR-U/(3,4)-SQR-L/(5,7)-PRC-L/(5,4)-PRC-U/(3,2)-SQR-U/(3,4)-PRC-L/(3,2)-PRC-D/(3,2)-PRC-R/(1,2)-SQR-D/", 126100, 855, 8766, 0, 112287,
levels/P4L36, 26, "(1,6)-PRC-L/(1,4)-PRC-D/(2,4)-PRC-R/(2,5)-PRC-U/(1,3)-PRC-R/(1,4)-PRC-D/(2,4)-PRC-R/(2,5)-PRC-D/(1,5)-PRC-D/(5,5)-PRC-L/(5,4)-PRC-U/(4,6)-HOG-L/(1,8)-SQR-D/(1,1)-MSE-R/(4,5)-HOG-U/(1,5)-HOG-L/(6,5)-PRC-U/(6,8)-SQR-L/(1,5)-PRC-L/(6,5)-SQR-U/(1,8)-MSE-D/(6,8)-MSE-L/(1,5)-SQR-D/(5,5)-SQR-L/(4,4)-PRC-R/(5,4)-SQR-U/", 525553, 6518, 35322, 0, 444187,
